user162,0
user411,1
user298,2
user427,2
user027,3
user076,3
user282,4
user009,5
user094,5
user109,5
user142,6
user248,7
user294,8
user014,9
user466,9
user260,10
user281,10
user218,11
user119,12
user200,12
user021,14
user426,14
user456,14
user366,15
user098,16
user100,16
user413,16
user018,17
user161,18
user219,18
user238,18
user245,18
user287,19
user295,19
user296,20
user440,20
user050,21
user099,21
user157,21
user173,21
user095,22
user172,22
user201,23
user223,23
user395,23
user032,24
user186,24
user213,24
user397,25
user016,27
user034,27
user165,28
user070,29
user289,29
user117,30
user065,31
user121,31
user147,32
user182,32
user156,34
user391,34
user443,34
user491,34
user058,35
user144,35
user435,35
user418,36
user012,37
user015,38
user352,39
user019,40
user148,40
user047,41
user385,41
user122,42
user372,42
user381,42
user081,43
user396,43
user210,44
user498,44
user134,45
user283,46
user327,46
user429,46
user180,48
user483,48
user101,49
user404,49
user029,51
user318,51
user272,54
user087,55
user126,55
user128,55
user410,55
user487,55
user225,56
user246,56
user270,56
user299,56
user382,56
user285,58
user472,58
user176,59
user250,60
user383,60
user441,61
user464,62
user063,63
user197,63
user278,63
user495,63
user196,64
user339,64
user365,64
user471,64
user103,65
user468,65
user072,66
user179,66
user377,66
user482,66
user224,67
user436,67
user493,67
user068,68
user428,68
user198,70
user264,72
user303,72
user444,73
user002,74
user485,74
user114,75
user205,75
user325,75
user459,75
user104,76
user105,76
user110,76
user276,76
user378,78
user017,79
user167,79
user455,79
user380,80
user392,80
user113,81
user316,81
user168,82
user262,83
user297,83
user077,84
user115,85
user055,86
user338,87
user174,88
user417,88
user043,89
user208,89
user258,89
user315,89
user386,91
user080,92
user133,92
user355,92
user398,92
user437,93
user075,94
user194,94
user274,94
user171,95
user479,97
user035,98
user252,98
user256,98
user269,98
user322,98
user362,98
user234,100
user324,100
user467,101
user054,102
user170,102
user120,103
user368,103
user000,105
user348,105
user203,106
user025,108
user379,108
user484,109
user280,110
user370,111
user151,112
user237,113
user319,113
user169,114
user033,115
user350,115
user267,116
user425,116
user432,116
user078,118
user038,119
user265,119
user312,119
user497,119
user187,120
user412,120
user036,121
user204,121
user306,121
user129,122
user463,123
user465,124
user007,125
user302,126
user305,126
user320,127
user476,128
user496,128
user008,129
user321,129
user408,129
user064,130
user190,130
user335,130
user390,130
user401,130
user037,131
user422,131
user202,133
user336,133
user384,133
user421,133
user474,134
user259,136
user388,137
user431,138
user010,139
user051,139
user209,139
user349,139
user481,139
user236,140
user239,140
user330,140
user420,140
user241,141
user347,141
user371,141
user166,142
user206,142
user308,142
user363,142
user375,142
user304,144
user447,144
user150,145
user361,147
user189,148
user477,148
user492,148
user004,149
user092,150
user255,151
user226,152
user406,152
user486,154
user402,155
user230,156
user069,157
user155,157
user135,158
user480,158
user229,159
user242,159
user279,159
user006,160
user249,160
user323,160
user341,160
user183,161
user301,161
user351,163
user367,163
user102,164
user314,164
user458,164
user184,165
user231,165
user438,165
user494,165
user053,166
user056,168
user462,168
user489,168
user040,169
user317,169
user143,170
user332,170
user044,171
user059,171
user291,171
user448,171
user106,172
user152,172
user369,172
user409,172
user079,173
user111,173
user257,173
user149,174
user414,174
user031,176
user235,176
user220,177
user310,178
user452,178
user266,180
user046,181
user067,181
user093,181
user357,181
user097,182
user132,182
user358,183
user024,184
user254,184
user353,184
user475,184
user001,186
user158,186
user340,186
user328,188
user118,189
user300,189
user346,190
user085,191
user389,191
user045,192
user003,193
user154,193
user222,193
user342,193
user423,193
user163,194
user446,194
user374,195
user450,195
user005,196
user188,196
user023,197
user096,197
user146,197
user089,198
user293,198
user445,198
user309,199
user470,199
user071,201
user127,201
user207,202
user359,202
user403,202
user022,203
user251,206
user057,207
user286,209
user343,209
user453,209
user488,209
user091,210
user424,210
user454,211
user399,212
user478,212
user061,213
user416,213
user263,214
user344,214
user430,214
user090,215
user130,215
user107,216
user175,216
user253,216
user013,217
user052,217
user419,217
user159,218
user232,218
user277,218
user108,219
user011,220
user082,223
user244,225
user271,225
user243,226
user177,227
user178,227
user185,227
user313,228
user449,228
user039,229
user062,229
user193,229
user116,230
user212,230
user240,231
user461,231
user292,233
user334,234
user048,236
user199,237
user026,238
user073,239
user145,239
user191,239
user124,241
user181,241
user273,241
user042,243
user066,243
user084,243
user131,244
user138,246
user268,246
user125,249
user211,250
user247,250
user442,251
user221,252
user137,253
user141,254
user373,254
user387,254
user153,255
user307,255
user326,255
user227,256
user415,257
user214,258
user275,259
user394,259
user140,260
user028,261
user041,261
user123,261
user460,261
user331,262
user354,264
user376,266
user393,266
user400,266
user360,267
user329,268
user434,268
user083,269
user473,269
user433,271
user060,272
user088,272
user228,273
user086,275
user030,276
user074,277
user164,278
user345,278
user192,279
user337,279
user233,280
user439,280
user049,282
user469,283
user364,284
user457,284
user333,286
user020,287
user405,287
user451,287
user139,288
user288,289
user195,290
user311,290
user136,291
user290,291
user216,292
user261,292
user112,294
user217,295
user356,297
user215,298
user407,298
user490,298
user160,299
user284,299
